keys,en,es,pt_BR,fr,de,it,ru,uk,pl,tr,nl,ar,he,hi,id,vi,th,ja,ko,zh,zh_TW
RULE_SEE_CHANGE,FIND THE CHANGED SHAPE,ENCUENTRA LA FORMA QUE CAMBIÓ,ENCONTRE A FORMA QUE MUDOU,TROUVEZ LA FORME QUI A CHANGÉ,FINDEN SIE DIE VERÄNDERTE FORM,TROVA LA FORMA CAMBIATA,НАЙДИ ИЗМЕНИВШУЮСЯ ФОРМУ,ЗНАЙДИ ФОРМУ ЯКА ЗМІНИЛАСЯ,ZNAJDŹ ZMIENIONY KSZTAŁT,DEĞİŞEN ŞEKLİ BUL,VIND DE VERANDERDE VORM,اعثر على الشكل الذي تغيّر,מצא את הצורה שהשתנתה,बदली हुई आकृति खोजें,TEMUKAN BENTUK YANG BERUBAH,TÌM HÌNH ĐÃ THAY ĐỔI,หารูปทรงที่เปลี่ยน,変わった形を見つけて,바뀐 모양 찾기,找到改变的形状,找出改變的形狀
RULE_REMEMBER_POS,REMEMBER THE ORIGINAL POSITION,RECUERDA LA POSICIÓN ORIGINAL,LEMBRE A POSIÇÃO ORIGINAL,MÉMORISEZ LA POSITION D'ORIGINE,MERKEN SIE DIE URSPRÜNGLICHE POSITION,RICORDA LA POSIZIONE ORIGINALE,ЗАПОМНИ ИСХОДНУЮ ПОЗИЦИЮ,ЗАПАМ'ЯТАЙ ПОЧАТКОВУ ПОЗИЦІЮ,ZAPAMIĘTAJ PIERWOTNĄ POZYCJĘ,İLK KONUMU HATIRLA,ONTHOUD DE OORSPRONKELIJKE POSITIE,تذكّر الموضع الأصلي,זכור את המיקום המקורי,मूल स्थिति याद रखें,INGAT POSISI AWAL,GHI NHỚ VỊ TRÍ BAN ĐẦU,จำตำแหน่งเดิม,元の位置を覚えて,원래 위치 기억하기,记住原始位置,記住原始位置
RULE_SEQUENCE,REPEAT THE SEQUENCE,REPITE LA SECUENCIA,REPITA A SEQUÊNCIA,RÉPÉTEZ LA SÉQUENCE,WIEDERHOLEN SIE DIE REIHENFOLGE,RIPETI LA SEQUENZA,ПОВТОРИ ПОСЛЕДОВАТЕЛЬНОСТЬ,ПОВТОРИ ПОСЛІДОВНІСТЬ,POWTÓRZ SEKWENCJĘ,SIRAYI TEKRARLA,HERAAL DE REEKS,كرّر التسلسل,חזור על הרצף,क्रम दोहराएँ,ULANGI URUTANNYA,LẶP LẠI CHUỖI,ทำซ้ำลำดับ,順番を繰り返して,순서 반복하기,重复序列,重複序列
RULE_REVERSE,REPEAT IT IN REVERSE,REPÍTELO AL REVÉS,REPITA AO CONTRÁRIO,RÉPÉTEZ À L'ENVERS,WIEDERHOLEN SIE ES UMGEKEHRT,RIPETILO AL CONTRARIO,ПОВТОРИ В ОБРАТНОМ ПОРЯДКЕ,ПОВТОРИ У ЗВОРОТНОМУ ПОРЯДКУ,POWTÓRZ OD KOŃCA,TERSTEN TEKRARLA,HERHAAL HEM ACHTERSTEVOREN,كرّره بالعكس,חזור עליו בסדר הפוך,उल्टे क्रम में दोहराएँ,ULANGI TERBALIK,LẶP NGƯỢC LẠI,ทำย้อนกลับ,逆順で繰り返して,거꾸로 반복하기,反向重复,反向重複
RULE_COLOR,TAP THE CORRECT COLOR,TOCA EL COLOR CORRECTO,TOQUE A CORRETA COR,TOUCHEZ LA BONNE COULEUR,TIPPEN SIE DIE RICHTIGE FARBE,TOCCA IL COLORE CORRETTO,НАЖМИ ПРАВИЛЬНЫЙ ЦВЕТ,НАТИСНИ ПРАВИЛЬНИЙ КОЛІР,KLIKNIJ WŁAŚCIWY KOLOR,DOĞRU RENGE DOKUN,TIK DE JUISTE KLEUR,اضغط اللون الصحيح,לחץ על הצבע הנכון,सही रंग टैप करें,TEKAN WARNA YANG BENAR,CHẠM MÀU ĐÚNG,แตะสีที่ถูกต้อง,正しい色をタップ,올바른 색 누르기,点击正确颜色,點擊正確顏色
RULE_SECOND,IGNORE THE FIRST SIGNAL,IGNORA LA PRIMERA SEÑAL,IGNORE O PRIMEIRO SINAL,IGNOREZ LE PREMIER SIGNAL,IGNORIEREN SIE DAS ERSTE SIGNAL,IGNORA IL PRIMO SEGNALE,ИГНОРИРУЙ ПЕРВЫЙ СИГНАЛ,ІГНОРУЙ ПЕРШИЙ СИГНАЛ,ZIGNORUJ PIERWSZY SYGNAŁ,İLK SİNYALİ YOK SAY,NEGEER HET EERSTE SIGNAAL,تجاهل الإشارة الأولى,התעלם מהאות הראשון,पहले संकेत को अनदेखा करें,ABAIKAN SINYAL PERTAMA,BỎ QUA TÍN HIỆU ĐẦU,ไม่สนใจสัญญาณแรก,最初の合図を無視して,첫 신호 무시하기,忽略第一个信号,忽略第一個訊號
RULE_SWITCH,FIRST: TAP BLUE. THEN: TAP RED.,PRIMERO: TOCA AZUL. DESPUÉS: ROJO.,PRIMEIRO: TOQUE AZUL. DEPOIS: VERMELHO.,D'ABORD : BLEU. PUIS : ROUGE.,ZUERST: BLAU. DANN: ROT.,PRIMA: BLU. POI: ROSSO.,СНАЧАЛА: СИНИЙ. ПОТОМ: КРАСНЫЙ.,СПОЧАТКУ: СИНІЙ. ПОТІМ: ЧЕРВОНИЙ.,NAJPIERW: NIEBIESKI. POTEM: CZERWONY.,ÖNCE: MAVİ. SONRA: KIRMIZI.,EERST: BLAUW. DAN: ROOD.,أولًا: أزرق. ثم: أحمر.,קודם: כחול. ואז: אדום.,पहले: नीला। फिर: लाल।,PERTAMA: BIRU. LALU: MERAH.,ĐẦU TIÊN: XANH. SAU ĐÓ: ĐỎ.,ก่อน: น้ำเงิน แล้ว: แดง,最初: 青。次に: 赤。,먼저: 파랑. 다음: 빨강.,先点蓝色，再点红色。,先點藍色，再點紅色。
RULE_WORD,TAP THE WORD, NOT THE COLOR,TOCA LA PALABRA, NO EL COLOR,TOQUE A PALAVRA, NÃO A COR,TOUCHEZ LE MOT, PAS LA COULEUR,TIPPEN SIE DAS WORT, NICHT DIE FARBE,TOCCA LA PAROLA, NON IL COLORE,НАЖМИ НА СЛОВО, А НЕ НА ЦВЕТ,НАТИСНИ СЛОВО, А НЕ КОЛІР,KLIKNIJ SŁOWO, NIE KOLOR,RENGE DEĞİL, KELİMEYE DOKUN,TIK HET WOORD, NIET DE KLEUR,اضغط الكلمة، وليس اللون,לחץ על המילה, לא על הצבע,शब्द पर टैप करें, रंग पर नहीं,KETUK KATA, BUKAN WARNA,CHẠM VÀO TỪ, KHÔNG PHẢI MÀU,แตะคำ ไม่ใช่สี,文字をタップ、色ではない,단어를 누르세요. 색이 아닙니다,点击文字，不是颜色,點擊文字，不是顏色
RULE_LARGEST_WRONG,THE LARGEST SHAPE IS WRONG,LA FORMA MÁS GRANDE ES INCORRECTA,A MAIOR FORMA ESTÁ ERRADA,LA PLUS GRANDE FORME EST FAUSSE,DIE GRÖSSTE FORM IST FALSCH,LA FORMA PIÙ GRANDE È SBAGLIATA,САМАЯ БОЛЬШАЯ ФИГУРА НЕВЕРНА,НАЙБІЛЬША ФІГУРА НЕПРАВИЛЬНА,NAJWIĘKSZY KSZTAŁT JEST BŁĘDNY,EN BÜYÜK ŞEKİL YANLIŞ,DE GROOTSTE VORM IS FOUT,أكبر شكل خاطئ,הצורה הגדולה ביותר שגויה,सबसे बड़ी आकृति गलत है,BENTUK TERBESAR SALAH,HÌNH LỚN NHẤT LÀ SAI,รูปที่ใหญ่ที่สุดผิด,一番大きい形は間違い,가장 큰 모양은 틀렸습니다,最大的形状是错误的,最大的形狀是錯的
RULE_SPEED,FIND THE OBJECT MOVING DIFFERENTLY,ENCUENTRA EL OBJETO QUE SE MUEVE DIFERENTE,ENCONTRE O OBJETO QUE SE MOVE DIFERENTE,TROUVEZ L'OBJET QUI BOUGE DIFFÉREMMENT,FINDEN SIE DAS ANDERS BEWEGTE OBJEKT,TROVA L'OGGETTO CHE SI MUOVE DIVERSAMENTE,НАЙДИ ОБЪЕКТ КОТОРЫЙ ДВИГАЕТСЯ ИНАЧЕ,ЗНАЙДИ ОБ'ЄКТ ЯКИЙ РУХАЄТЬСЯ ІНАКШЕ,ZNAJDŹ OBIEKT PORUSZAJĄCY SIĘ INACZEJ,FARKLI HAREKET EDEN NESNEYİ BUL,VIND HET OBJECT DAT ANDERS BEWEEGT,اعثر على الجسم الذي يتحرك بشكل مختلف,מצא את האובייקט שנע אחרת,अलग चलती वस्तु खोजें,TEMUKAN OBJEK YANG BERGERAK BERBEDA,TÌM VẬT THỂ DI CHUYỂN KHÁC,หาวัตถุที่เคลื่อนไหวต่างกัน,違う動きをする物体を見つけて,다르게 움직이는 물체 찾기,找到移动方式不同的物体,找出移動方式不同的物體
RULE_ORDER,CHOOSE THE ORIGINAL ORDER,ELIGE EL ORDEN ORIGINAL,ESCOLHA A ORDEM ORIGINAL,CHOISISSEZ L'ORDRE ORIGINAL,WÄHLEN SIE DIE URSPRÜNGLICHE REIHENFOLGE,SCEGLI L'ORDINE ORIGINALE,ВЫБЕРИ ИСХОДНЫЙ ПОРЯДОК,ОБЕРИ ПОЧАТКОВИЙ ПОРЯДОК,WYBIERZ PIERWOTNĄ KOLEJNOŚĆ,İLK SIRAYI SEÇ,KIES DE OORSPRONKELIJKE VOLGORDE,اختر الترتيب الأصلي,בחר את הסדר המקורי,मूल क्रम चुनें,PILIH URUTAN AWAL,CHỌN THỨ TỰ BAN ĐẦU,เลือกลำดับเดิม,元の順番を選んで,원래 순서 선택,选择原始顺序,選擇原始順序
RULE_X,TAP ONLY WHEN X APPEARS,TOCA SOLO CUANDO APAREZCA X,TOQUE APENAS QUANDO X APARECER,TOUCHEZ UNIQUEMENT QUAND X APPARAÎT,TIPPEN SIE NUR WENN X ERSCHEINT,TOCCA SOLO QUANDO APPARE X,НАЖИМАЙ ТОЛЬКО КОГДА ПОЯВЛЯЕТСЯ X,НАТИСКАЙ ЛИШЕ КОЛИ З'ЯВЛЯЄТЬСЯ X,KLIKNIJ TYLKO GDY POJAWI SIĘ X,X GÖRÜNDÜĞÜNDE DOKUN,TIK ALLEEN ALS X VERSCHIJNT,اضغط فقط عند ظهور X,לחץ רק כש-X מופיע,X आने पर ही टैप करें,TEKAN HANYA SAAT X MUNCUL,CHỈ CHẠM KHI X XUẤT HIỆN,แตะเฉพาะเมื่อ X ปรากฏ,Xが出たときだけタップ, X가 나타날 때만 누르기,只在X出现时点击,只在X出現時點擊
RULE_NO_REPEAT,DO NOT REPEAT YOUR LAST ACTION,NO REPITAS TU ÚLTIMA ACCIÓN,NÃO REPITA SUA ÚLTIMA AÇÃO,NE RÉPÉTEZ PAS VOTRE DERNIÈRE ACTION,WIEDERHOLEN SIE IHRE LETZTE AKTION NICHT,NON RIPETERE LA TUA ULTIMA AZIONE,НЕ ПОВТОРЯЙ ПОСЛЕДНЕЕ ДЕЙСТВИЕ,НЕ ПОВТОРЮЙ ОСТАННЮ ДІЮ,NIE POWTARZAJ OSTATNIEGO RUCHU,SON EYLEMİNİ TEKRARLAMA,HERAAL JE LAATSTE ACTIE NIET,لا تكرر الإجراء الأخير,אל תחזור על הפעולה האחרונה,अपनी पिछली क्रिया न दोहराएँ,JANGAN ULANGI TINDAKAN TERAKHIR,ĐỪNG LẶP LẠI HÀNH ĐỘNG TRƯỚC,อย่าทำซ้ำการกระทำล่าสุด,最後の操作を繰り返さないで,마지막 행동을 반복하지 마세요,不要重复上一个动作,不要重複上一個動作
RULE_DONT_PRESS,DON'T PRESS THE BUTTON,NO PULSES EL BOTÓN,NÃO PRESSIONE O BOTÃO,NE TOUCHEZ PAS LE BOUTON,DRÜCKEN SIE DIE TASTE NICHT,NON PREMERE IL PULSANTE,НЕ НАЖИМАЙ КНОПКУ,НЕ НАТИСКАЙ КНОПКУ,NIE NACISKAJ PRZYCISKU,DÜĞMEYE BASMA,DRUK NIET OP DE KNOP,لا تضغط الزر,אל תלחץ על הכפתור,बटन न दबाएँ,JANGAN TEKAN TOMBOL,ĐỪNG NHẤN NÚT,อย่ากดปุ่ม,ボタンを押さないで,버튼을 누르지 마세요,不要按按钮,不要按按鈕
RULE_MIRROR,FIND THE MIRRORED SHAPE,ENCUENTRA LA FORMA REFLEJADA,ENCONTRE A FORMA ESPELHADA,TROUVEZ LA FORME MIROIR,FINDEN SIE DIE GESPIEGELTE FORM,TROVA LA FORMA SPECCHIATA,НАЙДИ ЗЕРКАЛЬНУЮ ФИГУРУ,ЗНАЙДИ ДЗЕРКАЛЬНУ ФІГУРУ,ZNAJDŹ LUSTROZANE ODBICIE,AYNADAKİ ŞEKLİ BUL,VIND DE GESPIEGELDE VORM,اعثر على الشكل المعكوس,מצא את הצורה במראה,प्रतिबिंबित आकृति खोजें,TEMUKAN BENTUK CERMIN,TÌM HÌNH PHẢN CHIẾU,หารูปทรงสะท้อน,鏡像の形を見つけて,거울에 비친 모양 찾기,找到镜像形状,找出鏡像形狀
RULE_VANISH,REMEMBER THIS RULE,RECUERDA ESTA REGLA,LEMBRE-SE DESTA REGRA,MÉMORISEZ CETTE RÈGLE,MERKEN SIE DIESE REGEL,RICORDA QUESTA REGOLA,ЗАПОМНИ ЭТО ПРАВИЛО,ЗАПАМ'ЯТАЙ ЦЕ ПРАВИЛО,ZAPAMIĘTAJ TĘ ZASADĘ,BU KURALI HATIRLA,ONTHOUD DEZE REGEL,تذكّر هذه القاعدة,זכור את הכלל הזה,यह नियम याद रखें,INGAT ATURAN INI,GHI NHỚ LUẬT NÀY,จำกฎนี้,このルールを覚えて,이 규칙을 기억하세요,记住这个规则,記住這個規則
RULE_INSTRUCTION,THE INSTRUCTION CHANGES DURING THE ROUND,LA INSTRUCCIÓN CAMBIA DURANTE LA RONDA,A INSTRUÇÃO MUDA DURANTE A RODADA,L'INSTRUCTION CHANGE PENDANT LA MANCHE,DIE ANWEISUNG ÄNDERT SICH WÄHREND DER RUNDE,L'ISTRUZIONE CAMBIA DURANTE IL ROUND,ИНСТРУКЦИЯ МЕНЯЕТСЯ ВО ВРЕМЯ РАУНДА,ІНСТРУКЦІЯ ЗМІНЮЄТЬСЯ ПІД ЧАС РАУНДУ,INSTRUKCJA ZMIENIA SIĘ W TRAKCIE RUNDY,TUR SIRASINDA TALİMAT DEĞİŞİR,DE INSTRUCTIE VERANDERT TIJDENS DE RONDE,تتغير التعليمات أثناء الجولة,ההוראה משתנה במהלך הסיבוב,निर्देश राउंड के दौरान बदलता है,INSTRUKSI BERUBAH SELAMA RONDE,CHỈ DẪN THAY ĐỔI TRONG VÁN,คำสั่งเปลี่ยนระหว่างรอบ,ラウンド中に指示が変わる,라운드 중 지시가 바뀝니다,回合中指令会改变,回合中指令會改變
RULE_OBVIOUS,THE OBVIOUS ANSWER IS WRONG,LA RESPUESTA OBVIA ES INCORRECTA,A RESPOSTA ÓBVIA ESTÁ ERRADA,LA RÉPONSE ÉVIDENTE EST FAUSSE,DIE OFFENSICHTLICHE ANTWORT IST FALSCH,LA RISPOSTA OVVIA È SBAGLIATA,ОЧЕВИДНЫЙ ОТВЕТ НЕВЕРНЫЙ,ОЧЕВИДНА ВІДПОВІДЬ НЕПРАВИЛЬНА,OCZYWISTA ODPOWIEDŹ JEST BŁĘDNA,AÇIK CEVAP YANLIŞ,HET VOOR DE HAND LIGGENDE ANTWOORD IS FOUT,الإجابة الواضحة خاطئة,התשובה הברורה שגויה,स्पष्ट उत्तर गलत है,JAWABAN YANG JELAS SALAH,CÂU TRẢ LỜI HIỂN NHIÊN LÀ SAI,คำตอบที่ชัดเจนผิด,明らかな答えは間違い,뻔한 답은 틀립니다,显而易见的答案是错的,明顯的答案是錯的
RULE_MIX,SEE IT. SWITCH. REACT.,MÍRALO. CAMBIA. REACCIONA.,VEJA. MUDE. REAJA.,VOYEZ. CHANGEZ. RÉAGISSEZ.,SEHEN. WECHSELN. REAGIEREN.,VEDI. CAMBIA. REAGISCI.,СМОТРИ. МЕНЯЙ. РЕАГИРУЙ.,ДИВИСЬ. ЗМІНЮЙ. РЕАГУЙ.,ZOBACZ. ZMIEŃ. REAGUJ.,GÖR. DEĞİŞTİR. TEPKİ VER.,KIJK. WISSEL. REAGEER.,انظر. بدّل. استجب.,ראה. החלף. הגב.,देखें। बदलें। प्रतिक्रिया दें।,LIHAT. GANTI. REAKSI.,XEM. ĐỔI. PHẢN ỨNG.,ดู เปลี่ยน ตอบสนอง,見て。切替。反応。,보고. 전환. 반응.,观察。切换。反应。,觀察。切換。反應。
